,Primary completion rate: Male: % of relevant age group: 2015,Primary completion rate: Female: % of relevant age group: 2015,Lower secondary completion rate: Male: % of relevant age group: 2015,Lower secondary completion rate: Female: % of relevant age group: 2015,Youth literacy rate: Male: % of ages 15-24: 2005-14,Youth literacy rate: Female: % of ages 15-24: 2005-14,Adult literacy rate: Male: % ages 15 and older: 2005-14,Adult literacy rate: Female: % ages 15 and older: 2005-14,Students at lowest proficiency on PISA: Mathematics: % of 15 year-olds: 2015,Students at lowest proficiency on PISA: Reading: % of 15 year-olds: 2015,Students at lowest proficiency on PISA: Science: % of 15 year-olds: 2015,Population: millions: 2016,Surface area: sq. km thousands: 2016,Population density: people per sq. km: 2016,"Gross national income, Atlas method: $ billions: 2016","Gross national income per capita, Atlas method: $: 2016",Purchasing power parity gross national income: $ billions: 2016,per capita: $: 2016,Gross domestic product: % growth : 2016,per capita: % growth: 2016,Prevalence of smoking: Male: % of adults: 2015,Prevalence of smoking: Female: % of adults: 2015,"Incidence of tuberculosis: per 100,000 people: 2015",Prevalence of diabetes: % of population ages 20 to 79: 2015,Incidence of HIV: Total: % of uninfected population ages 15-49: 2015,Prevalence of HIV: Total: % of population ages 15-49: 2015,Prevalence of HIV: Women's share of population ages 15+ living with HIV: %: 2015,"Prevalence of HIV: Youth, Male: % of population ages 15-24: 2015","Prevalence of HIV: Youth, Female: % of population ages 15-24: 2015",Antiretroviral therapy coverage: % of people living with HIV: 2015,"Cause of death: Communicable diseases and maternal, prenatal, and nutrition conditions: % of population: 2015",Cause of death: Non-communicable diseases: % of population: 2015,Cause of death: Injuries: % of population: 2015,Access to an improved water source: % of population: 1990,Access to an improved water source: % of population: 2015,Access to improved sanitation facilities: % of population: 1990,Access to improved sanitation facilities: % of population: 2015,Child immunization rate: Measles: % of children ages 12-23 months: 2015,Child immunization rate: DTP3: % of children ages 12-23 months: 2015,Children with acute respiratory infection taken to health provider: % of children under age 5 with ARI: 2009-2016,Children with diarrhea who received oral rehydration and continuous feeding: % of children under age 5 with diarrhea: 2009-2016,Children sleeping under treated bed nets: % of children under age 5: 2009-2016,Children with fever receiving antimalarial drugs: % of children under age 5 with fever: 2009-2016,Tuberculosis: Treatment success rate: % of new cases: 2014,Tuberculosis: Cases detection rate: % of new estimated cases: 2015
Afghanistan,,,,,62.0,32.0,45.0,18.0,,,,34.7,652.9,53.0,19.9,580.0,65.8,1900.0,2.2,-0.5,,,189.0,8.8,0.01,0.1,29.0,0.1,0.1,5.0,39.0,42.0,18.0,21.0,55.0,21.0,32.0,68.0,78.0,62.0,41.0,4.6,11.8,87.0,58.0
Albania,108.0,105.0,97.0,97.0,99.0,99.0,98.0,96.0,26.0,7.0,2.0,2.9,28.8,105.0,12.2,4250.0,34.2,11880.0,3.5,3.6,51.0,8.0,19.0,10.3,,,,,,,4.0,92.0,4.0,,95.0,78.0,93.0,98.0,98.0,70.0,63.0,,,88.0,76.0
Algeria,106.0,105.0,68.0,85.0,96.0,92.0,83.0,68.0,51.0,11.0,4.0,40.6,2381.7,17.0,173.5,4270.0,597.9,14720.0,3.7,1.8,,,75.0,7.5,0.01,0.1,46.0,0.1,0.1,90.0,16.0,74.0,10.0,92.0,84.0,80.0,88.0,95.0,95.0,66.0,42.0,,,88.0,80.0
American Samoa,,,,,,,,,,,,0.1,0.2,278.0,,,,,1.1,0.9,,,8.0,,,,,,,,,,,94.0,100.0,61.0,63.0,,,,,,,,87.0
Andorra,,,,,,,,,,,,0.1,0.5,164.0,,,,,,,37.0,28.0,7.0,8.5,,,,,,,,,,100.0,100.0,100.0,100.0,96.0,97.0,,,,,83.0,87.0
Angola,,,,,79.0,67.0,82.0,60.0,,,,28.8,1246.7,23.0,99.0,3440.0,179.3,6220.0,0.0,-3.3,,,370.0,4.1,0.19,2.2,60.0,0.5,0.9,29.0,62.0,27.0,11.0,46.0,49.0,22.0,52.0,55.0,64.0,,,25.9,28.3,34.0,64.0
Antigua and Barbuda,87.0,82.0,88.0,94.0,,,98.0,99.0,,,,0.1,0.4,229.0,1.4,13400.0,2.2,21840.0,4.4,3.3,,,8.0,13.6,,,,,,,12.0,80.0,8.0,97.0,98.0,75.0,,98.0,99.0,,,,,67.0,87.0
Argentina,102.0,101.0,88.0,91.0,99.0,99.0,98.0,98.0,27.0,3.0,1.0,43.8,2780.4,16.0,524.5,11960.0,854.0,19480.0,-2.3,-3.3,30.0,18.0,25.0,6.0,0.02,0.4,32.0,0.2,0.1,64.0,12.0,81.0,7.0,94.0,99.0,87.0,96.0,89.0,94.0,94.0,59.0,,,52.0,87.0
Armenia,98.0,100.0,,,100.0,100.0,100.0,100.0,,,,2.9,29.7,103.0,11.0,3760.0,26.3,9000.0,0.2,-0.1,52.0,2.0,41.0,6.4,0.03,0.2,20.0,0.1,0.1,26.0,3.0,93.0,4.0,91.0,100.0,90.0,90.0,97.0,94.0,57.0,77.0,,,78.0,89.0
Aruba,101.0,101.0,95.0,103.0,99.0,99.0,97.0,97.0,,,,0.1,0.2,582.0,,,,,,,,,12.0,11.7,,,,,,,,,,91.0,98.0,99.0,98.0,,,,,,,,87.0
Australia,,,,,,,,,8.0,1.0,1.0,24.1,7741.2,3.0,1313.0,54420.0,1109.2,45970.0,2.8,1.3,17.0,13.0,6.0,5.1,0.01,0.2,10.0,0.1,0.1,90.0,5.0,90.0,6.0,100.0,100.0,100.0,100.0,91.0,93.0,,,,,79.0,87.0
Austria,102.0,100.0,97.0,95.0,,,,,8.0,2.0,0.0,8.7,83.9,106.0,395.6,45230.0,437.3,49990.0,1.5,0.2,36.0,35.0,8.0,6.9,,,,,,,2.0,92.0,6.0,100.0,100.0,100.0,100.0,96.0,98.0,,,,,74.0,87.0
Azerbaijan,105.0,102.0,88.0,84.0,100.0,100.0,100.0,100.0,,,,9.8,86.6,118.0,46.5,4760.0,157.4,16130.0,-3.1,-4.2,47.0,0.0,69.0,6.5,0.02,0.2,29.0,0.1,0.1,28.0,10.0,86.0,5.0,69.0,87.0,,89.0,98.0,96.0,,62.0,,,83.0,81.0
"Bahamas, The",,,,,,,,,,,,0.4,13.9,39.0,8.2,21020.0,8.6,22090.0,0.3,-0.9,,,18.0,13.2,0.23,3.2,35.0,1.8,1.2,37.0,17.0,74.0,9.0,,98.0,,92.0,94.0,95.0,,,,,84.0,87.0
Bahrain,97.0,100.0,101.0,97.0,99.0,98.0,96.0,92.0,,,,1.4,0.8,1848.0,31.2,22750.0,61.3,44690.0,2.9,0.2,49.0,8.0,18.0,19.6,,,,,,,6.0,84.0,9.0,95.0,100.0,99.0,99.0,99.0,98.0,,,,,44.0,87.0
Bangladesh,90.0,107.0,62.0,73.0,80.0,85.0,64.0,57.0,,,,163.0,147.6,1252.0,216.3,1330.0,617.1,3790.0,7.1,6.0,40.0,1.0,225.0,8.3,0.01,0.1,34.0,0.1,0.1,15.0,25.0,67.0,8.0,68.0,87.0,34.0,61.0,88.0,94.0,42.0,66.0,,5.0,93.0,57.0
Barbados,92.0,99.0,,,,,,,,,,0.3,0.4,663.0,4.2,14830.0,4.6,16070.0,1.6,1.3,13.0,1.0,0.0,13.6,0.12,1.6,31.0,0.9,0.6,43.0,13.0,83.0,4.0,96.0,100.0,80.0,96.0,96.0,97.0,,,,,100.0,87.0
Belarus,98.0,97.0,110.0,109.0,100.0,100.0,100.0,99.0,,,,9.5,207.6,47.0,53.2,5600.0,163.6,17210.0,-2.6,-2.8,46.0,11.0,55.0,5.3,0.1,0.6,45.0,0.2,0.3,20.0,2.0,89.0,9.0,100.0,100.0,95.0,94.0,99.0,99.0,93.0,61.0,,,88.0,72.0
Belgium,87.0,91.0,95.0,98.0,,,,,7.0,1.0,0.0,11.3,30.5,375.0,475.0,41860.0,522.1,46010.0,1.2,0.5,27.0,20.0,9.0,5.1,,,,,,,8.0,86.0,7.0,100.0,100.0,100.0,100.0,96.0,99.0,,,,,81.0,87.0
Belize,105.0,104.0,63.0,73.0,,,,,,,,0.4,23.0,16.0,1.6,4410.0,2.9,8000.0,-0.8,-2.9,,,25.0,16.5,0.08,1.5,48.0,0.5,0.6,46.0,18.0,66.0,16.0,73.0,100.0,76.0,91.0,96.0,94.0,82.0,43.0,,,35.0,87.0
Benin,83.0,73.0,50.0,37.0,55.0,31.0,41.0,18.0,,,,10.9,114.8,96.0,8.9,820.0,23.6,2170.0,4.0,1.1,18.0,1.0,60.0,0.8,0.07,1.1,58.0,0.2,0.4,49.0,52.0,37.0,10.0,57.0,78.0,7.0,20.0,75.0,79.0,23.0,33.0,72.7,25.9,89.0,61.0
Bermuda,90.0,88.0,69.0,83.0,,,,,,,,0.1,0.1,1307.0,,,,,,,,,0.0,13.1,,,,,,,,,,,,,,,,,,,,100.0,
Bhutan,94.0,104.0,77.0,85.0,90.0,84.0,66.0,48.0,,,,0.8,38.4,21.0,2.0,2510.0,6.4,8070.0,6.2,4.8,,,155.0,9.3,,,,,,,23.0,68.0,10.0,72.0,100.0,19.0,50.0,97.0,99.0,74.0,62.0,,,90.0,80.0
Bolivia,91.0,90.0,90.0,91.0,99.0,99.0,97.0,92.0,,,,10.9,1098.6,10.0,33.4,3070.0,77.2,7090.0,4.3,2.7,31.0,17.0,117.0,7.5,0.02,0.3,31.0,0.2,0.1,29.0,23.0,62.0,15.0,68.0,90.0,28.0,50.0,99.0,99.0,62.0,,,,83.0,62.0
Bosnia and Herzegovina,,,,,100.0,100.0,100.0,97.0,,,,3.5,51.2,69.0,17.2,4880.0,42.7,12140.0,2.0,2.5,47.0,30.0,37.0,9.9,,,,,,,2.0,94.0,4.0,97.0,100.0,,95.0,83.0,82.0,87.0,55.0,,,77.0,77.0
Botswana,98.0,101.0,86.0,87.0,96.0,99.0,87.0,89.0,,,,2.3,581.7,4.0,14.9,6610.0,36.9,16380.0,2.9,1.0,,,356.0,5.6,0.94,22.2,57.0,3.9,9.8,78.0,49.0,42.0,9.0,92.0,96.0,39.0,63.0,97.0,95.0,,,,,77.0,62.0
Brazil,,,,,98.0,99.0,91.0,92.0,44.0,7.0,4.0,207.7,8515.8,25.0,1836.0,8840.0,3075.5,14810.0,-3.6,-4.4,19.0,11.0,41.0,10.4,0.04,0.6,36.0,0.3,0.2,55.0,14.0,73.0,13.0,89.0,98.0,67.0,83.0,99.0,96.0,,,,,71.0,87.0
Brunei Darussalam,102.0,104.0,104.0,104.0,99.0,100.0,97.0,95.0,,,,0.4,5.8,80.0,16.1,38520.0,34.8,83250.0,-2.5,-3.8,29.0,3.0,58.0,13.7,,,,,,,13.0,80.0,7.0,,,,,96.0,99.0,,,,,65.0,87.0
Bulgaria,98.0,98.0,50.0,42.0,98.0,98.0,99.0,98.0,21.0,8.0,3.0,7.1,111.0,66.0,53.2,7470.0,135.6,19020.0,3.4,4.2,42.0,28.0,24.0,5.9,,,,,,,2.0,95.0,3.0,100.0,99.0,85.0,86.0,92.0,91.0,,,,,86.0,96.0
Burkina Faso,61.0,63.0,28.0,26.0,57.0,44.0,44.0,26.0,,,,18.6,274.2,68.0,11.9,640.0,31.3,1680.0,5.9,2.8,36.0,5.0,52.0,2.2,0.05,0.8,61.0,0.3,0.4,55.0,56.0,33.0,12.0,44.0,82.0,8.0,20.0,88.0,91.0,56.0,33.0,75.3,49.2,81.0,60.0
Burundi,58.0,66.0,35.0,30.0,90.0,88.0,89.0,85.0,,,,10.5,27.8,410.0,2.9,280.0,8.1,770.0,-0.6,-3.7,,,122.0,2.7,0.02,1.0,60.0,0.3,0.3,54.0,57.0,31.0,12.0,69.0,76.0,42.0,48.0,93.0,94.0,55.0,43.0,53.8,25.4,91.0,51.0
Cabo Verde,100.0,104.0,69.0,84.0,98.0,98.0,90.0,80.0,,,,0.5,4.0,134.0,1.6,2970.0,3.4,6220.0,3.9,2.6,22.0,4.0,139.0,2.3,0.06,1.0,54.0,0.3,0.5,42.0,23.0,68.0,10.0,80.0,92.0,34.0,72.0,92.0,93.0,,,,,92.0,37.0
Cambodia,94.0,96.0,47.0,49.0,88.0,86.0,83.0,66.0,,,,15.8,181.0,89.0,17.9,1140.0,55.3,3510.0,6.9,5.2,44.0,3.0,380.0,3.0,0.01,0.6,53.0,0.1,0.2,74.0,28.0,61.0,11.0,23.0,76.0,3.0,42.0,81.0,89.0,69.0,52.0,,0.3,93.0,59.0
Cameroon,78.0,70.0,46.0,45.0,85.0,76.0,78.0,65.0,,,,23.4,475.4,50.0,28.2,1200.0,76.1,3250.0,4.5,1.8,44.0,1.0,212.0,6.5,0.36,4.5,59.0,1.1,1.9,27.0,55.0,34.0,10.0,51.0,76.0,40.0,46.0,79.0,84.0,28.0,39.0,54.8,38.2,84.0,53.0
Canada,,,,,,,,,4.0,0.0,0.0,36.3,9984.7,4.0,1584.3,43660.0,1575.4,43420.0,1.5,0.2,18.0,12.0,5.0,7.4,,,,,,,6.0,88.0,6.0,100.0,100.0,100.0,100.0,90.0,91.0,,,,,82.0,90.0
Cayman Islands,,,,,99.0,99.0,99.0,99.0,,,,0.1,0.3,253.0,,,,,,,,,13.0,13.1,,,,,,,,,,,97.0,96.0,96.0,,,,,,,80.0,87.0
Central African Republic,55.0,34.0,17.0,8.0,49.0,27.0,51.0,24.0,,,,4.6,623.0,7.0,1.7,370.0,3.2,700.0,4.5,3.4,,,391.0,6.3,0.24,3.7,59.0,1.0,1.6,24.0,60.0,30.0,10.0,59.0,69.0,15.0,22.0,49.0,47.0,30.0,38.0,36.4,34.1,70.0,55.0
Chad,46.0,30.0,25.0,10.0,55.0,48.0,48.0,30.0,,,,14.5,1284.0,11.0,10.4,720.0,28.2,1950.0,-7.0,-9.9,,,152.0,5.7,0.1,2.0,59.0,0.4,0.7,36.0,66.0,25.0,10.0,40.0,51.0,8.0,12.0,62.0,55.0,26.0,29.0,36.4,26.9,68.0,54.0
Channel Islands,,,,,,,,,,,,0.2,0.2,866.0,,,,,,,,,,4.3,,,,,,,,,,,,,,,,,,,,,
Chile,95.0,95.0,93.0,94.0,99.0,99.0,96.0,96.0,23.0,1.0,1.0,17.9,756.1,24.0,242.3,13530.0,416.8,23270.0,1.6,0.8,40.0,36.0,16.0,10.0,0.02,0.3,4.0,0.2,0.1,87.0,9.0,84.0,7.0,90.0,99.0,85.0,99.0,96.0,96.0,,,,,58.0,87.0
China,93.0,91.0,98.0,100.0,100.0,100.0,97.0,93.0,6.0,2.0,1.0,1378.7,9562.9,147.0,11393.6,8260.0,21366.1,15500.0,6.7,6.1,48.0,2.0,67.0,9.8,,,,,,,4.0,89.0,7.0,67.0,96.0,48.0,77.0,99.0,99.0,,,,,94.0,87.0
Colombia,101.0,100.0,73.0,83.0,98.0,99.0,94.0,94.0,35.0,3.0,2.0,48.7,1141.7,44.0,307.4,6320.0,676.8,13910.0,2.0,1.1,16.0,6.0,31.0,10.0,0.04,0.5,27.0,0.3,0.2,,11.0,73.0,17.0,88.0,91.0,69.0,81.0,94.0,91.0,65.0,52.0,,,76.0,80.0
Comoros,74.0,79.0,47.0,49.0,87.0,88.0,82.0,73.0,,,,0.8,1.9,428.0,0.6,760.0,1.2,1520.0,2.2,-0.1,23.0,6.0,35.0,9.9,,,,,,,48.0,41.0,12.0,90.0,90.0,18.0,36.0,81.0,80.0,39.0,54.0,41.1,26.7,94.0,56.0
"Congo, Dem. Rep.",73.0,60.0,62.0,34.0,91.0,77.0,88.0,63.0,,,,78.7,2344.9,35.0,32.7,420.0,57.8,730.0,2.2,-1.1,,,324.0,6.4,0.03,0.8,60.0,0.2,0.3,33.0,60.0,30.0,11.0,44.0,52.0,19.0,29.0,79.0,81.0,42.0,40.0,55.8,29.2,89.0,48.0
"Congo, Rep.",70.0,79.0,53.0,51.0,86.0,77.0,86.0,73.0,,,,5.1,342.0,15.0,8.8,1710.0,27.6,5380.0,-1.9,-4.4,43.0,2.0,379.0,6.9,,,,,,,53.0,37.0,10.0,,77.0,,15.0,80.0,80.0,52.0,48.0,31.5,25.0,69.0,57.0
Costa Rica,99.0,100.0,56.0,63.0,99.0,99.0,97.0,98.0,27.0,2.0,1.0,4.9,51.1,95.0,52.6,10840.0,76.5,15750.0,4.3,3.3,19.0,8.0,11.0,8.5,0.02,0.3,28.0,0.2,0.1,56.0,7.0,83.0,10.0,93.0,98.0,88.0,95.0,93.0,92.0,77.0,70.0,,,89.0,80.0
Cote d'Ivoire,69.0,57.0,41.0,29.0,58.0,39.0,52.0,30.0,,,,23.7,322.5,75.0,36.0,1520.0,85.6,3610.0,8.8,6.1,,,159.0,2.3,0.19,3.2,58.0,0.7,1.1,35.0,53.0,36.0,11.0,76.0,82.0,15.0,23.0,72.0,83.0,38.0,36.0,37.2,17.5,79.0,62.0
Croatia,100.0,100.0,97.0,98.0,100.0,100.0,100.0,99.0,12.0,1.0,0.0,4.2,56.6,75.0,50.5,12110.0,95.4,22880.0,2.9,3.7,39.0,34.0,13.0,5.6,,,,,,,2.0,93.0,5.0,98.0,100.0,97.0,97.0,93.0,94.0,,,,,71.0,87.0
Cuba,95.0,97.0,90.0,94.0,100.0,100.0,100.0,100.0,,,,11.5,109.9,110.0,,,,,4.4,4.2,53.0,18.0,7.0,10.0,0.05,0.3,26.0,0.1,0.1,69.0,8.0,84.0,8.0,,95.0,82.0,93.0,99.0,99.0,93.0,43.0,,,82.0,87.0
Curacao,,,,,,,,,,,,0.2,0.4,360.0,,,,,,,,,4.0,13.3,,,,,,,,,,,,,,,,,,,,0.0,87.0
Cyprus,96.0,98.0,98.0,98.0,100.0,100.0,99.0,98.0,20.0,4.0,2.0,1.2,9.3,127.0,20.1,23680.0,26.7,31420.0,2.8,2.7,,,6.0,9.6,,,,,,,4.0,91.0,5.0,100.0,100.0,100.0,100.0,90.0,97.0,,,,,59.0,87.0
Czech Republic,96.0,96.0,99.0,100.0,,,,,7.0,1.0,0.0,10.6,78.9,137.0,185.6,17570.0,345.5,32710.0,2.4,2.3,37.0,29.0,5.0,7.4,,,,,,,5.0,90.0,5.0,100.0,100.0,99.0,99.0,99.0,99.0,,,,,76.0,93.0
Denmark,99.0,98.0,97.0,99.0,,,,,3.0,1.0,0.0,5.7,42.9,136.0,325.1,56730.0,292.5,51040.0,1.3,0.4,18.0,16.0,6.0,7.2,,,,,,,6.0,90.0,4.0,100.0,100.0,100.0,100.0,91.0,93.0,,,,,52.0,95.0
Djibouti,68.0,59.0,49.0,41.0,,,,,,,,0.9,23.2,41.0,,,,,6.5,4.7,,,378.0,8.4,0.11,1.6,57.0,0.4,0.7,21.0,47.0,43.0,10.0,78.0,90.0,66.0,47.0,74.0,84.0,94.0,,19.9,0.9,81.0,80.0
Dominica,106.0,117.0,96.0,97.0,,,,,,,,0.1,0.8,98.0,0.5,6750.0,0.8,10610.0,0.9,0.4,,,11.0,12.6,,,,,,,,,,,,,,96.0,98.0,,,,,100.0,87.0
Dominican Republic,96.0,93.0,72.0,80.0,97.0,98.0,91.0,92.0,68.0,13.0,16.0,10.6,48.7,220.0,68.0,6390.0,154.2,14480.0,6.6,5.4,19.0,9.0,60.0,8.8,0.04,1.0,48.0,0.3,0.3,46.0,18.0,69.0,14.0,87.0,85.0,73.0,84.0,90.0,85.0,73.0,52.0,,,83.0,71.0
Ecuador,115.0,116.0,100.0,103.0,99.0,99.0,95.0,93.0,,,,16.4,256.4,66.0,95.3,5820.0,181.4,11070.0,-1.5,-2.9,14.0,3.0,52.0,9.2,0.01,0.3,31.0,0.1,0.1,54.0,16.0,71.0,13.0,74.0,87.0,57.0,85.0,84.0,78.0,,,,,77.0,60.0
"Egypt, Arab Rep.",103.0,104.0,81.0,85.0,94.0,90.0,83.0,67.0,,,,95.7,1001.5,96.0,331.3,3460.0,1063.4,11110.0,4.3,2.2,50.0,0.0,15.0,16.7,0.01,0.1,30.0,0.1,0.1,19.0,11.0,83.0,6.0,93.0,99.0,73.0,95.0,92.0,93.0,68.0,22.0,,,84.0,59.0
El Salvador,101.0,99.0,86.0,89.0,97.0,98.0,89.0,85.0,,,,6.3,21.0,306.0,24.8,3920.0,52.2,8220.0,2.4,1.8,,,43.0,9.2,0.01,0.5,35.0,0.2,0.1,54.0,12.0,71.0,17.0,70.0,94.0,51.0,75.0,95.0,91.0,80.0,72.0,,,91.0,92.0
Equatorial Guinea,50.0,51.0,29.0,27.0,98.0,99.0,97.0,92.0,,,,1.2,28.1,44.0,8.0,6550.0,20.8,17020.0,-9.7,-13.1,,,172.0,7.7,0.02,4.9,57.0,0.6,1.1,31.0,50.0,39.0,10.0,,48.0,,75.0,27.0,16.0,54.0,53.0,23.0,33.2,58.0,86.0
Eritrea,42.0,36.0,32.0,30.0,94.0,91.0,82.0,64.0,,,,,117.6,,,,,,,,,,65.0,3.6,0.02,0.6,64.0,0.2,0.2,60.0,46.0,42.0,12.0,47.0,58.0,9.0,16.0,85.0,95.0,45.0,57.0,20.4,1.5,91.0,61.0
Estonia,101.0,102.0,116.0,111.0,100.0,100.0,100.0,100.0,2.0,0.0,0.0,1.3,45.2,31.0,23.4,17750.0,38.1,28920.0,1.6,1.5,41.0,25.0,18.0,4.4,,,,,,,3.0,93.0,5.0,99.0,100.0,97.0,97.0,93.0,93.0,,,,,84.0,87.0
Ethiopia,55.0,53.0,30.0,29.0,63.0,47.0,49.0,29.0,,,,102.4,1104.3,102.0,67.5,660.0,177.0,1730.0,7.6,4.9,9.0,1.0,192.0,3.4,,,,,,,49.0,39.0,12.0,13.0,57.0,3.0,28.0,78.0,86.0,27.0,25.0,30.1,26.3,89.0,71.0
Faroe Islands,,,,,,,,,,,,0.0,1.4,35.0,,,,,,,,,,,,,,,,,,,,,,,,,,,,,,,
Fiji,106.0,107.0,94.0,99.0,,,,,,,,0.9,18.3,49.0,4.3,4840.0,8.2,9140.0,2.0,1.2,39.0,12.0,51.0,13.8,,,,,,,11.0,84.0,5.0,86.0,96.0,57.0,91.0,94.0,99.0,,,,,87.0,80.0
Finland,100.0,100.0,100.0,100.0,,,,,4.0,1.0,0.0,5.5,338.4,18.0,245.8,44730.0,238.5,43400.0,1.4,1.1,23.0,19.0,6.0,6.0,,,,,,,1.0,93.0,6.0,100.0,100.0,97.0,98.0,97.0,98.0,,,,,45.0,87.0
France,,,103.0,104.0,,,,,9.0,2.0,1.0,66.9,549.1,122.0,2605.8,38950.0,2835.2,42380.0,1.2,0.8,30.0,26.0,8.0,5.3,,,,,,,6.0,87.0,6.0,100.0,100.0,99.0,99.0,91.0,98.0,,,,,,85.0
French Polynesia,,,,,,,,,,,,0.3,4.0,77.0,,,,,,,,,19.0,19.4,,,,,,,,,,100.0,100.0,98.0,99.0,,,,,,,76.0,87.0
Gabon,,,,,87.0,89.0,85.0,80.0,,,,2.0,267.7,8.0,14.3,7210.0,33.1,16720.0,2.3,-0.3,,,465.0,7.8,0.14,3.8,67.0,0.5,1.1,58.0,46.0,45.0,9.0,,93.0,,42.0,68.0,80.0,54.0,52.0,38.8,25.9,58.0,71.0
"Gambia, The",67.0,72.0,63.0,64.0,75.0,69.0,63.0,46.0,,,,2.0,11.3,201.0,0.9,440.0,3.3,1640.0,1.6,-1.4,,,174.0,2.0,0.12,1.8,61.0,0.3,0.6,24.0,55.0,33.0,11.0,76.0,90.0,60.0,59.0,97.0,97.0,68.0,51.0,47.0,6.7,88.0,73.0
Georgia,120.0,122.0,109.0,107.0,100.0,100.0,100.0,100.0,31.0,9.0,4.0,3.7,69.7,65.0,14.2,3810.0,35.1,9450.0,2.7,2.7,58.0,6.0,99.0,6.4,0.05,0.4,22.0,0.1,0.1,32.0,3.0,93.0,4.0,85.0,100.0,98.0,86.0,96.0,94.0,,,,,83.0,80.0
Germany,103.0,102.0,58.0,57.0,,,,,5.0,1.0,0.0,82.7,357.4,237.0,3609.4,43660.0,4094.8,49530.0,1.9,0.7,32.0,28.0,8.0,7.4,,,,,,,5.0,92.0,4.0,100.0,100.0,99.0,99.0,97.0,96.0,,,,,63.0,87.0
Ghana,101.0,101.0,80.0,75.0,88.0,83.0,78.0,65.0,,,,28.2,238.5,124.0,38.9,1380.0,117.2,4150.0,3.6,1.3,13.0,0.0,160.0,2.3,0.08,1.6,60.0,0.3,0.6,34.0,46.0,44.0,10.0,56.0,89.0,7.0,15.0,89.0,88.0,53.0,42.0,46.6,48.5,85.0,33.0
Greece,96.0,96.0,96.0,95.0,100.0,99.0,98.0,97.0,15.0,2.0,1.0,10.7,132.0,83.0,203.7,18960.0,289.1,26900.0,0.0,0.7,53.0,33.0,5.0,5.2,0.02,0.3,18.0,0.2,0.1,,3.0,94.0,3.0,98.0,100.0,93.0,99.0,97.0,99.0,,,,,,90.0
Greenland,,,,,,,,,,,,0.1,410.5,0.0,,,,,1.7,2.0,,,164.0,,,,,,,,,,,100.0,100.0,100.0,100.0,,,,,,,68.0,87.0
Grenada,89.0,90.0,87.0,88.0,,,,,,,,0.1,0.3,316.0,0.9,8830.0,1.4,13440.0,1.9,1.4,,,5.0,11.4,,,,,,,13.0,81.0,6.0,97.0,97.0,98.0,98.0,99.0,92.0,,,,,100.0,87.0
Guam,,,,,,,,,,,,0.2,0.5,302.0,,,,,0.4,-0.1,,,51.0,18.7,,,,,,,,,,100.0,100.0,89.0,90.0,,,,,,,89.0,87.0
Guatemala,86.0,84.0,64.0,61.0,95.0,93.0,87.0,76.0,,,,16.6,108.9,155.0,62.8,3790.0,128.5,7750.0,3.1,1.0,,,25.0,11.1,0.04,0.6,39.0,0.2,0.2,30.0,25.0,57.0,18.0,77.0,93.0,47.0,64.0,99.0,74.0,52.0,56.0,,0.4,85.0,80.0
Guinea,68.0,56.0,42.0,28.0,38.0,22.0,37.0,12.0,,,,12.4,245.9,50.0,6.1,490.0,14.9,1200.0,5.2,2.6,,,177.0,2.2,0.12,1.6,62.0,0.3,0.7,29.0,59.0,31.0,10.0,52.0,77.0,8.0,20.0,52.0,51.0,37.0,40.0,26.0,28.1,83.0,55.0
Guinea-Bissau,,,,,80.0,72.0,71.0,47.0,,,,1.8,36.1,65.0,1.1,620.0,2.9,1580.0,5.6,2.9,,,373.0,2.2,,,,,,,61.0,30.0,9.0,36.0,79.0,,21.0,69.0,80.0,34.0,55.0,80.6,28.0,81.0,31.0
Guyana,87.0,81.0,,,92.0,94.0,82.0,87.0,,,,0.8,215.0,4.0,3.3,4250.0,6.1,7860.0,3.3,2.6,,,93.0,11.2,0.09,1.5,51.0,0.6,0.8,59.0,20.0,67.0,13.0,79.0,98.0,76.0,84.0,99.0,95.0,84.0,29.0,7.4,7.4,69.0,80.0
Haiti,,,,,74.0,70.0,53.0,45.0,,,,10.8,27.8,394.0,8.5,780.0,19.5,1790.0,1.4,0.2,22.0,3.0,194.0,6.9,0.02,1.7,60.0,0.3,0.4,52.0,31.0,56.0,13.0,62.0,58.0,18.0,28.0,53.0,60.0,38.0,57.0,12.0,2.5,78.0,79.0
Honduras,92.0,93.0,47.0,58.0,95.0,96.0,87.0,87.0,,,,9.1,112.5,81.0,19.6,2150.0,40.2,4410.0,3.6,1.9,33.0,2.0,43.0,9.2,0.01,0.4,44.0,0.2,0.2,52.0,15.0,60.0,26.0,73.0,91.0,48.0,83.0,87.0,85.0,64.0,61.0,,0.2,89.0,83.0
"Hong Kong SAR, China",,,100.0,100.0,,,,,3.0,0.0,0.0,7.3,1.1,6997.0,317.7,43240.0,444.7,60530.0,2.0,1.5,,,71.0,8.0,,,,,,,,,,,,,,,,,,,,67.0,87.0
Hungary,97.0,97.0,95.0,96.0,99.0,99.0,99.0,99.0,11.0,1.0,1.0,9.8,93.0,108.0,123.4,12570.0,251.7,25640.0,2.0,2.2,32.0,25.0,9.0,7.3,,,,,,,2.0,94.0,5.0,96.0,100.0,98.0,98.0,99.0,99.0,,,,,73.0,94.0
Iceland,94.0,101.0,98.0,96.0,,,,,8.0,2.0,1.0,0.3,103.0,3.0,19.0,56990.0,17.5,52490.0,7.2,6.1,17.0,15.0,2.0,6.1,,,,,,,5.0,90.0,6.0,100.0,100.0,99.0,99.0,93.0,92.0,,,,,89.0,87.0
India,95.0,100.0,83.0,88.0,90.0,82.0,79.0,59.0,,,,1324.2,3287.3,445.0,2220.0,1680.0,8594.2,6490.0,7.1,5.9,20.0,2.0,217.0,9.3,0.01,,40.0,,,43.0,28.0,61.0,11.0,71.0,94.0,17.0,40.0,87.0,87.0,77.0,,,,74.0,59.0
Indonesia,105.0,99.0,87.0,96.0,100.0,100.0,97.0,93.0,38.0,4.0,1.0,261.1,1910.9,144.0,889.0,3400.0,2929.4,11220.0,5.0,3.8,76.0,4.0,395.0,6.5,0.05,0.5,37.0,0.4,0.4,9.0,21.0,73.0,6.0,70.0,87.0,35.0,61.0,69.0,81.0,75.0,61.0,,0.8,84.0,32.0
"Iran, Islamic Rep.",102.0,102.0,95.0,95.0,98.0,97.0,90.0,80.0,,,,80.3,1745.2,49.0,511.8,6530.0,1361.8,17370.0,-1.5,-2.7,22.0,1.0,16.0,10.1,0.01,0.1,35.0,0.1,0.1,9.0,9.0,81.0,11.0,92.0,96.0,71.0,90.0,99.0,98.0,76.0,69.0,,,87.0,80.0
Iraq,,,,,83.0,81.0,86.0,73.0,,,,37.2,435.1,86.0,202.0,5430.0,641.5,17240.0,11.0,7.8,,,43.0,9.3,,,,,,,17.0,54.0,29.0,78.0,87.0,72.0,86.0,57.0,58.0,74.0,26.0,,,92.0,52.0
Ireland,,,107.0,109.0,,,,,4.0,0.0,0.0,4.8,70.3,69.0,250.9,52560.0,271.4,56870.0,5.2,3.1,22.0,22.0,7.0,4.4,,,,,,,5.0,90.0,5.0,96.0,98.0,89.0,91.0,93.0,95.0,,,,,56.0,87.0
Isle of Man,,,,,,,,,,,,0.1,0.6,147.0,7.4,89970.0,,,5.0,4.3,,,,,,,,,,,,,,,,,,,,,,,,,
Israel,107.0,110.0,105.0,106.0,,,,,15.0,3.0,2.0,8.5,22.1,395.0,309.3,36190.0,319.7,37400.0,4.0,2.0,41.0,19.0,4.0,7.5,,,,,,,10.0,86.0,4.0,100.0,100.0,100.0,100.0,98.0,94.0,,,,,89.0,87.0
Italy,100.0,100.0,101.0,100.0,100.0,100.0,99.0,99.0,8.0,1.0,1.0,60.6,301.3,206.0,1914.1,31590.0,2316.5,38230.0,0.9,1.1,28.0,20.0,6.0,5.1,0.02,0.4,29.0,0.1,0.1,,5.0,92.0,4.0,100.0,100.0,100.0,100.0,85.0,93.0,,,,,,100.0
Jamaica,,,87.0,92.0,94.0,99.0,83.0,93.0,,,,2.9,11.0,266.0,13.4,4660.0,24.5,8500.0,1.4,1.0,30.0,6.0,5.0,11.5,0.11,1.6,38.0,0.8,0.6,34.0,12.0,79.0,10.0,93.0,94.0,80.0,82.0,91.0,91.0,82.0,43.0,,,18.0,80.0
Japan,102.0,102.0,,,,,,,3.0,1.0,0.0,127.0,378.0,348.0,4825.2,38000.0,5443.8,42870.0,1.0,1.1,34.0,11.0,17.0,5.7,,,,,,,13.0,82.0,5.0,100.0,100.0,100.0,100.0,96.0,96.0,,,,,53.0,87.0
Jordan,91.0,91.0,80.0,83.0,99.0,99.0,98.0,97.0,39.0,7.0,4.0,9.5,89.3,107.0,37.1,3920.0,84.9,8980.0,2.0,-1.2,70.0,11.0,7.0,11.7,,,,,,,12.0,78.0,11.0,96.0,97.0,97.0,99.0,94.0,99.0,77.0,34.0,,,88.0,80.0
Kazakhstan,113.0,113.0,107.0,109.0,100.0,100.0,100.0,100.0,10.0,2.0,0.0,17.8,2724.9,7.0,154.9,8710.0,407.6,22910.0,1.0,-0.4,44.0,9.0,89.0,6.4,0.04,0.2,31.0,0.1,0.1,27.0,7.0,82.0,11.0,94.0,93.0,96.0,98.0,99.0,98.0,81.0,54.0,,,90.0,89.0
Kenya,105.0,106.0,85.0,84.0,83.0,82.0,78.0,67.0,,,,48.5,580.4,85.0,66.9,1380.0,151.5,3130.0,5.8,3.2,25.0,2.0,233.0,2.4,0.35,5.9,58.0,2.3,4.0,59.0,55.0,33.0,11.0,43.0,63.0,25.0,30.0,75.0,89.0,66.0,45.0,56.1,27.1,87.0,76.0
Kiribati,106.0,120.0,92.0,110.0,,,,,,,,0.1,0.8,141.0,0.3,2380.0,0.4,3240.0,3.1,1.3,64.0,41.0,551.0,18.6,,,,,,,29.0,65.0,7.0,50.0,67.0,28.0,40.0,84.0,87.0,81.0,47.0,,,87.0,80.0
"Korea, Dem. People's Rep.",,,,,,,,,,,,25.4,120.5,211.0,,,,,,,,,,,,,,,,,,,,100.0,100.0,53.0,82.0,98.0,96.0,80.0,67.0,,,91.0,80.0
"Korea, Dem. Peopleâs Rep.",,,,,100.0,100.0,100.0,100.0,,,,,,,,,,,,,,,561.0,4.4,,,,,,,12.0,81.0,7.0,,,,,,,,,,,,
"Korea, Rep.",102.0,101.0,109.0,107.0,,,98.0,98.0,5.0,1.0,0.0,51.2,100.3,526.0,1414.4,27600.0,1833.9,35790.0,2.8,2.4,50.0,4.0,80.0,7.2,,,,,,,10.0,79.0,11.0,90.0,,100.0,100.0,98.0,98.0,,,,,81.0,94.0
Kosovo,,,,,,,,,49.0,15.0,4.0,1.8,10.9,167.0,7.0,3850.0,18.5,10200.0,3.4,2.6,,,,,,,,,,,,,,,,,,,,,,,,,
Kuwait,100.0,107.0,83.0,96.0,99.0,99.0,96.0,94.0,,,,4.1,17.8,227.0,164.0,41680.0,328.3,83420.0,1.8,-2.1,,,22.0,20.0,,,,,,,9.0,77.0,14.0,99.0,99.0,100.0,100.0,93.0,99.0,,,,,97.0,87.0
Kyrgyz Republic,113.0,111.0,90.0,91.0,100.0,100.0,100.0,99.0,,,,6.1,199.9,32.0,6.7,1100.0,20.7,3410.0,3.8,1.7,50.0,4.0,144.0,6.3,0.03,0.2,33.0,0.1,0.1,26.0,10.0,81.0,8.0,75.0,90.0,91.0,93.0,99.0,97.0,60.0,67.0,,,84.0,82.0
Lao PDR,101.0,99.0,63.0,58.0,89.0,79.0,82.0,63.0,,,,6.8,236.8,29.0,14.5,2150.0,40.0,5920.0,7.0,5.5,57.0,9.0,182.0,3.6,,,,,,,35.0,55.0,10.0,,76.0,,71.0,88.0,89.0,54.0,57.0,43.2,1.9,86.0,37.0
Latvia,102.0,104.0,110.0,113.0,100.0,100.0,100.0,100.0,6.0,0.0,0.0,2.0,64.5,32.0,28.7,14630.0,51.2,26090.0,2.0,2.8,49.0,24.0,41.0,5.4,0.05,0.7,31.0,0.4,0.3,20.0,3.0,92.0,5.0,98.0,99.0,,88.0,96.0,95.0,,,,,83.0,87.0
Lebanon,73.0,71.0,52.0,55.0,98.0,99.0,93.0,86.0,37.0,24.0,7.0,6.0,10.5,587.0,46.1,7680.0,83.2,13860.0,1.8,-0.9,45.0,31.0,13.0,13.0,0.01,0.1,13.0,0.1,0.1,37.0,4.0,89.0,8.0,,99.0,,81.0,79.0,81.0,,62.0,,,76.0,87.0
Lesotho,68.0,86.0,36.0,50.0,74.0,92.0,66.0,85.0,,,,2.2,30.4,73.0,2.7,1210.0,7.5,3390.0,2.5,1.1,55.0,0.0,788.0,3.9,1.88,22.7,59.0,5.1,9.1,42.0,64.0,29.0,7.0,77.0,82.0,,30.0,90.0,93.0,63.0,61.0,,,70.0,45.0
Liberia,63.0,54.0,42.0,32.0,63.0,37.0,61.0,27.0,,,,4.6,111.4,48.0,1.7,370.0,3.2,700.0,-1.6,-4.0,28.0,2.0,308.0,2.3,0.06,1.1,60.0,0.3,0.6,24.0,59.0,31.0,10.0,,76.0,,17.0,64.0,52.0,51.0,46.0,38.1,55.7,74.0,42.0
Libya,,,,,100.0,100.0,97.0,85.0,,,,6.3,1759.5,4.0,,,,,,,,,40.0,10.4,,,,,,,9.0,76.0,15.0,71.0,,97.0,97.0,93.0,94.0,,,,,57.0,39.0
Liechtenstein,99.0,113.0,103.0,84.0,,,,,3.0,0.0,,0.0,0.2,235.0,,,,,,,,,,6.4,,,,,,,,,,,,,,,,,,,,,
Lithuania,101.0,103.0,108.0,102.0,100.0,100.0,100.0,100.0,8.0,1.0,0.0,2.9,65.3,46.0,42.4,14770.0,82.8,28840.0,2.3,3.5,38.0,22.0,56.0,4.0,,,,,,,3.0,90.0,6.0,87.0,97.0,83.0,92.0,94.0,93.0,,,,,81.0,87.0
Luxembourg,78.0,81.0,96.0,98.0,,,,,9.0,2.0,1.0,0.6,2.6,225.0,44.7,76660.0,44.2,75750.0,4.2,1.8,26.0,21.0,6.0,4.7,,,,,,,5.0,88.0,7.0,100.0,100.0,98.0,98.0,99.0,99.0,,,,,0.0,87.0
"Macao SAR, China",90.0,91.0,93.0,95.0,100.0,100.0,98.0,94.0,1.0,0.0,0.0,0.6,0.0,20204.0,38.8,64580.0,59.2,98450.0,-2.1,-3.9,,,72.0,8.0,,,,,,,,,,,,,,,,,,,,86.0,87.0
"Macedonia, FYR",90.0,89.0,85.0,84.0,99.0,98.0,99.0,97.0,45.0,19.0,7.0,2.1,25.7,83.0,10.4,4980.0,30.1,14480.0,2.4,2.3,,,13.0,10.3,,,,,,,1.0,95.0,3.0,99.0,99.0,,91.0,89.0,91.0,,67.0,,,87.0,100.0
Madagascar,67.0,71.0,38.0,38.0,66.0,64.0,67.0,62.0,,,,24.9,587.3,43.0,9.9,400.0,36.0,1440.0,4.2,1.4,,,236.0,4.0,0.05,0.4,43.0,0.2,0.2,3.0,47.0,43.0,11.0,30.0,52.0,9.0,12.0,58.0,69.0,41.0,49.0,73.4,10.1,83.0,52.0
Malawi,79.0,80.0,22.0,20.0,74.0,70.0,72.0,51.0,,,,18.1,118.5,192.0,5.8,320.0,20.7,1140.0,2.5,-0.4,25.0,6.0,193.0,3.6,0.38,9.1,60.0,1.8,3.2,61.0,61.0,31.0,8.0,43.0,90.0,29.0,41.0,87.0,88.0,74.0,57.0,42.7,37.6,85.0,47.0
Malaysia,101.0,102.0,83.0,91.0,98.0,98.0,95.0,91.0,14.0,2.0,0.0,31.2,330.8,95.0,307.2,9850.0,838.9,26900.0,4.2,2.7,43.0,1.0,89.0,17.9,0.03,0.4,14.0,0.2,0.1,28.0,20.0,71.0,9.0,90.0,98.0,86.0,96.0,93.0,99.0,,,,,78.0,87.0
Maldives,95.0,89.0,96.0,96.0,99.0,99.0,98.0,98.0,,,,0.4,0.3,1392.0,3.1,7430.0,5.0,11970.0,4.1,2.0,,,53.0,9.2,,,,,,,11.0,78.0,11.0,93.0,99.0,68.0,98.0,99.0,99.0,74.0,63.0,,,37.0,80.0
Mali,53.0,48.0,34.0,27.0,56.0,39.0,43.0,25.0,,,,18.0,1240.2,15.0,13.6,750.0,36.8,2040.0,5.3,2.3,37.0,3.0,57.0,2.2,0.11,1.3,59.0,0.4,0.6,28.0,60.0,31.0,10.0,27.0,77.0,14.0,25.0,76.0,68.0,31.0,34.0,71.2,28.7,73.0,60.0
Malta,99.0,100.0,95.0,95.0,98.0,99.0,92.0,95.0,15.0,7.0,4.0,0.4,0.3,1365.0,10.5,24140.0,15.6,35720.0,5.0,3.8,30.0,20.0,9.0,9.9,,,,,,,7.0,90.0,4.0,100.0,100.0,100.0,100.0,89.0,97.0,,,,,76.0,87.0
Marshall Islands,,,,,98.0,99.0,98.0,98.0,,,,0.1,0.2,295.0,0.2,4450.0,0.3,5280.0,2.9,2.8,,,344.0,21.3,,,,,,,,,,92.0,95.0,65.0,77.0,75.0,85.0,,,,,86.0,76.0
Mauritania,66.0,70.0,32.0,31.0,66.0,48.0,57.0,35.0,,,,4.3,1030.7,4.0,4.8,1120.0,16.2,3760.0,2.0,-0.8,44.0,4.0,107.0,2.3,0.03,0.6,53.0,0.2,0.3,18.0,53.0,37.0,10.0,29.0,58.0,16.0,40.0,70.0,73.0,43.0,34.0,18.4,19.7,70.0,54.0
Mauritius,99.0,103.0,78.0,90.0,98.0,99.0,95.0,90.0,,,,1.3,2.0,622.0,12.3,9760.0,26.5,20980.0,3.7,3.6,40.0,3.0,22.0,22.3,0.04,0.9,25.0,0.1,0.2,31.0,8.0,87.0,5.0,99.0,100.0,91.0,93.0,99.0,97.0,,,,,90.0,46.0
Mexico,104.0,105.0,79.0,82.0,99.0,99.0,96.0,94.0,26.0,2.0,1.0,127.5,1964.4,66.0,1152.8,9040.0,2262.9,17740.0,2.3,1.0,21.0,7.0,21.0,15.8,0.02,0.2,21.0,0.1,0.1,59.0,10.0,79.0,11.0,82.0,96.0,66.0,85.0,97.0,87.0,,,,,80.0,81.0
"Micronesia, Fed. Sts.",,,,,,,,,,,,0.1,0.7,150.0,0.4,3680.0,0.5,4330.0,1.9,1.4,,,124.0,16.3,,,,,,,19.0,74.0,8.0,91.0,89.0,19.0,57.0,91.0,72.0,,,,,94.0,80.0
Moldova,91.0,91.0,83.0,85.0,100.0,100.0,100.0,99.0,25.0,6.0,2.0,3.6,33.9,124.0,7.5,2120.0,20.1,5670.0,4.1,4.2,46.0,5.0,152.0,7.1,0.06,0.6,32.0,0.2,0.2,21.0,4.0,91.0,5.0,84.0,88.0,72.0,76.0,89.0,87.0,79.0,55.0,,,79.0,58.0
Monaco,,,,,,,,,,,,0.0,0.0,19250.0,,,,,,,,,0.0,5.7,,,,,,,,,,100.0,100.0,100.0,100.0,99.0,99.0,,,,,100.0,
Mongolia,99.0,98.0,,,98.0,99.0,98.0,98.0,,,,3.0,1564.1,2.0,10.7,3550.0,34.2,11290.0,1.0,-0.7,48.0,5.0,428.0,5.4,0.01,0.1,17.0,0.1,0.1,36.0,10.0,78.0,12.0,53.0,64.0,46.0,60.0,98.0,99.0,70.0,83.0,,,86.0,37.0
Montenegro,92.0,93.0,89.0,90.0,99.0,99.0,99.0,98.0,25.0,4.0,3.0,0.6,13.8,46.0,4.3,6970.0,10.6,17090.0,2.5,2.4,,,21.0,10.5,,,,,,,2.0,95.0,4.0,,100.0,,96.0,64.0,89.0,,,,,89.0,62.0
Morocco,104.0,102.0,70.0,66.0,89.0,74.0,76.0,58.0,,,,35.3,446.6,79.0,102.2,2850.0,275.7,7700.0,1.1,-0.3,45.0,1.0,107.0,8.1,0.01,0.1,36.0,0.1,0.1,37.0,15.0,78.0,7.0,73.0,85.0,52.0,77.0,99.0,99.0,70.0,,,,86.0,83.0
Mozambique,51.0,45.0,23.0,22.0,80.0,57.0,67.0,36.0,,,,28.8,799.4,37.0,13.8,480.0,34.3,1190.0,3.8,0.9,31.0,6.0,551.0,2.6,0.71,10.5,60.0,2.3,4.0,53.0,59.0,32.0,9.0,35.0,51.0,10.0,21.0,85.0,80.0,50.0,56.0,35.7,29.9,89.0,38.0
Myanmar,,,47.0,50.0,96.0,96.0,95.0,91.0,,,,52.9,676.6,81.0,62.4,1190.0,265.8,5070.0,6.5,5.5,32.0,6.0,365.0,6.8,0.04,0.8,36.0,0.4,0.4,47.0,24.0,68.0,8.0,59.0,81.0,54.0,80.0,86.0,75.0,69.0,50.0,11.1,,87.0,70.0
Namibia,84.0,89.0,56.0,63.0,93.0,95.0,90.0,89.0,,,,2.5,824.3,3.0,11.5,4620.0,26.2,10550.0,1.2,-1.0,39.0,11.0,489.0,4.2,0.68,13.3,60.0,2.4,3.9,69.0,50.0,40.0,10.0,70.0,91.0,24.0,34.0,85.0,92.0,68.0,52.0,5.6,8.4,87.0,80.0
Nauru,,,,,,,,,,,,0.0,0.0,652.0,0.1,10750.0,0.2,17520.0,10.4,5.5,,,,,,,,,,,,,,,,,,,,,,,,,
Nepal,101.0,111.0,80.0,89.0,90.0,80.0,72.0,49.0,,,,29.0,147.2,202.0,21.1,730.0,72.9,2520.0,0.6,-0.6,37.0,11.0,156.0,3.7,0.01,0.2,37.0,0.1,0.1,31.0,24.0,65.0,12.0,66.0,92.0,5.0,46.0,85.0,91.0,50.0,46.0,,0.6,92.0,75.0
Netherlands,,,,,,,,,5.0,1.0,0.0,17.0,41.5,505.0,788.1,46310.0,856.4,50320.0,2.1,1.7,26.0,24.0,6.0,5.5,,,,,,,6.0,89.0,5.0,100.0,100.0,98.0,98.0,95.0,95.0,,,,,85.0,87.0
New Caledonia,,,,,100.0,100.0,97.0,96.0,,,,0.3,18.6,15.0,,,,,,,,,24.0,19.6,,,,,,,,,,,99.0,100.0,100.0,,,,,,,20.0,87.0
New Zealand,,,,,,,,,7.0,1.0,0.0,4.7,267.7,18.0,183.3,39070.0,177.7,37860.0,3.9,1.8,,,7.0,7.3,,,,,,,4.0,90.0,6.0,100.0,100.0,,,93.0,92.0,,,,,82.0,87.0
Nicaragua,,,,,85.0,89.0,78.0,78.0,,,,6.1,130.4,51.0,12.6,2050.0,33.2,5390.0,4.7,3.5,,,51.0,9.2,0.02,0.3,25.0,0.2,0.1,34.0,13.0,76.0,12.0,73.0,87.0,44.0,68.0,99.0,98.0,,,,,85.0,80.0
Niger,76.0,62.0,18.0,13.0,35.0,15.0,23.0,9.0,,,,20.7,1267.0,16.0,7.7,370.0,20.0,970.0,5.0,1.1,19.0,0.0,95.0,2.2,0.02,0.5,52.0,0.1,0.2,26.0,64.0,26.0,10.0,34.0,58.0,4.0,11.0,73.0,65.0,53.0,43.0,20.1,19.2,79.0,55.0
Nigeria,,,,,76.0,58.0,61.0,41.0,,,,186.0,923.8,204.0,456.4,2450.0,1067.8,5740.0,-1.5,-4.1,17.0,1.0,322.0,2.3,0.23,3.1,,0.7,1.3,,66.0,26.0,9.0,40.0,69.0,38.0,29.0,54.0,56.0,35.0,29.0,43.6,41.2,87.0,15.0
Northern Mariana Islands,,,,,,,,,,,,0.1,0.5,120.0,,,,,3.4,2.8,,,58.0,,,,,,,,,,,94.0,98.0,69.0,80.0,,,,,,,62.0,87.0
Norway,98.0,98.0,100.0,100.0,,,,,5.0,1.0,1.0,5.2,385.2,14.0,430.8,82330.0,327.1,62510.0,1.1,0.2,22.0,22.0,6.0,6.0,,,,,,,7.0,87.0,6.0,100.0,100.0,98.0,98.0,95.0,95.0,,,,,84.0,87.0
Oman,105.0,105.0,102.0,109.0,99.0,99.0,95.0,89.0,,,,4.4,309.5,14.0,75.9,18080.0,173.5,41320.0,5.7,-0.4,21.0,1.0,8.0,14.8,,,,,,,12.0,70.0,18.0,79.0,93.0,82.0,97.0,99.0,99.0,56.0,46.0,,,96.0,87.0
Pakistan,78.0,65.0,57.0,47.0,79.0,63.0,69.0,42.0,,,,193.2,796.1,251.0,291.8,1510.0,1078.2,5580.0,5.7,3.6,42.0,3.0,270.0,8.1,0.02,0.1,30.0,0.1,0.1,6.0,35.0,56.0,9.0,86.0,91.0,24.0,64.0,61.0,72.0,64.0,36.0,,3.4,93.0,63.0
Palau,79.0,81.0,102.0,107.0,100.0,100.0,99.0,100.0,,,,0.0,0.5,47.0,0.3,12450.0,0.3,14740.0,0.0,-1.0,,,76.0,20.9,,,,,,,,,,90.0,,47.0,100.0,95.0,90.0,,,,,57.0,87.0
Panama,101.0,98.0,70.0,78.0,98.0,97.0,95.0,93.0,,,,4.0,75.4,54.0,49.0,12140.0,84.7,20990.0,4.9,3.2,11.0,3.0,50.0,9.8,0.05,0.7,30.0,0.4,0.2,60.0,16.0,74.0,10.0,84.0,95.0,59.0,75.0,90.0,73.0,82.0,53.0,,,79.0,80.0
Papua New Guinea,84.0,72.0,67.0,58.0,69.0,64.0,65.0,61.0,,,,8.1,462.8,18.0,16.7,2160.0,20.9,2700.0,8.5,6.3,,,432.0,15.3,0.05,0.8,58.0,0.2,0.3,53.0,34.0,56.0,10.0,34.0,40.0,20.0,19.0,60.0,62.0,,,,,70.0,80.0
Paraguay,89.0,90.0,71.0,77.0,99.0,98.0,96.0,94.0,,,,6.7,406.8,17.0,27.3,4070.0,60.9,9060.0,4.1,2.8,28.0,8.0,41.0,9.7,0.03,0.4,30.0,0.2,0.1,31.0,15.0,73.0,12.0,53.0,98.0,52.0,89.0,83.0,93.0,,,,,71.0,87.0
Peru,99.0,100.0,84.0,87.0,99.0,99.0,97.0,90.0,38.0,6.0,3.0,31.8,1285.2,25.0,189.0,5950.0,396.7,12480.0,3.9,2.6,,6.0,119.0,6.9,0.02,0.3,29.0,0.1,0.1,56.0,22.0,67.0,11.0,74.0,87.0,53.0,76.0,92.0,90.0,60.0,57.0,,,87.0,80.0
Philippines,97.0,105.0,77.0,88.0,97.0,99.0,96.0,97.0,,,,103.3,300.0,347.0,370.0,3580.0,970.8,9400.0,6.9,5.3,43.0,9.0,322.0,6.9,0.01,0.1,11.0,0.1,0.1,27.0,25.0,68.0,7.0,84.0,92.0,57.0,74.0,82.0,60.0,64.0,53.0,,0.1,92.0,85.0
Poland,98.0,98.0,96.0,95.0,100.0,100.0,100.0,100.0,4.0,0.0,0.0,37.9,312.7,124.0,481.3,12680.0,1015.9,26770.0,2.7,2.8,32.0,24.0,19.0,6.2,,,,,,,4.0,90.0,6.0,94.0,98.0,,97.0,96.0,98.0,,,,,58.0,87.0
Portugal,,,,,99.0,99.0,96.0,93.0,9.0,1.0,0.0,10.3,92.2,113.0,204.9,19850.0,309.6,29990.0,1.4,1.7,32.0,14.0,23.0,9.9,,,,,,,10.0,86.0,4.0,96.0,100.0,93.0,100.0,98.0,98.0,,,,,72.0,87.0
Puerto Rico,,,,,99.0,99.0,91.0,93.0,,,,3.4,8.9,385.0,,,,,,,,,2.0,12.1,,,,,,,,,,94.0,,99.0,99.0,,,,,,,66.0,87.0
Qatar,90.0,94.0,85.0,93.0,98.0,100.0,98.0,98.0,35.0,11.0,4.0,2.6,11.6,221.0,187.8,75660.0,309.5,124740.0,2.2,-1.3,,,34.0,20.0,,,,,,,6.0,66.0,27.0,99.0,100.0,100.0,98.0,99.0,99.0,,68.0,,,85.0,87.0
Romania,93.0,92.0,88.0,89.0,99.0,99.0,99.0,98.0,16.0,4.0,1.0,19.7,238.4,86.0,186.6,9470.0,452.3,22950.0,4.8,5.4,37.0,23.0,84.0,8.4,,,,,,,4.0,93.0,3.0,74.0,100.0,70.0,79.0,86.0,89.0,,,,,85.0,87.0
Russian Federation,101.0,102.0,98.0,100.0,100.0,100.0,100.0,100.0,5.0,0.0,0.0,144.3,17098.3,9.0,1425.7,9720.0,3305.7,22540.0,-0.2,-0.4,59.0,23.0,80.0,9.2,,,,,,,6.0,86.0,8.0,93.0,97.0,73.0,72.0,98.0,97.0,,,,,69.0,87.0
Rwanda,55.0,66.0,32.0,36.0,81.0,83.0,72.0,65.0,,,,11.9,26.3,483.0,8.4,700.0,22.2,1870.0,5.9,3.4,,6.0,56.0,4.1,0.14,2.9,60.0,0.8,1.2,79.0,40.0,45.0,15.0,59.0,76.0,33.0,62.0,97.0,98.0,54.0,20.0,67.7,11.4,86.0,84.0
Samoa,102.0,105.0,104.0,101.0,99.0,99.0,99.0,99.0,,,,0.2,2.8,69.0,0.8,4100.0,1.2,6200.0,6.6,5.8,41.0,19.0,11.0,7.9,,,,,,,12.0,81.0,8.0,89.0,99.0,93.0,92.0,69.0,66.0,78.0,59.0,,,78.0,87.0
San Marino,98.0,93.0,91.0,93.0,,,,,,,,0.0,0.1,553.0,,,,,,,,,3.0,6.3,,,,,,,,,,,,,,53.0,76.0,,,,,,
Sao Tome and Principe,81.0,85.0,70.0,78.0,97.0,96.0,95.0,85.0,,,,0.2,1.0,208.0,0.3,1730.0,0.6,3240.0,4.0,1.7,,,97.0,2.3,,,,,,,41.0,48.0,11.0,,97.0,,35.0,93.0,96.0,69.0,62.0,61.1,1.4,74.0,96.0
Saudi Arabia,107.0,109.0,109.0,107.0,99.0,99.0,97.0,91.0,,,,32.3,2149.7,15.0,702.1,21750.0,1799.7,55760.0,1.7,-0.5,28.0,3.0,12.0,20.0,,,,,,,12.0,72.0,16.0,92.0,97.0,92.0,100.0,98.0,98.0,,,,,62.0,87.0
Senegal,54.0,61.0,38.0,40.0,61.0,51.0,53.0,34.0,,,,15.4,196.7,80.0,14.6,950.0,38.2,2480.0,6.6,3.6,23.0,1.0,139.0,2.2,0.01,0.5,64.0,0.1,0.1,40.0,47.0,41.0,12.0,60.0,79.0,36.0,48.0,80.0,89.0,42.0,49.0,43.2,6.7,87.0,63.0
Serbia,101.0,101.0,102.0,102.0,99.0,99.0,99.0,97.0,15.0,3.0,,7.1,88.4,81.0,37.3,5280.0,96.6,13680.0,2.8,3.3,44.0,40.0,21.0,10.3,,,,,,,2.0,94.0,3.0,99.0,99.0,97.0,96.0,86.0,95.0,90.0,60.0,,,81.0,88.0
Seychelles,107.0,110.0,106.0,117.0,99.0,99.0,93.0,94.0,,,,0.1,0.5,206.0,1.5,15410.0,2.7,28390.0,4.5,3.1,43.0,9.0,10.0,17.4,,,,,,,13.0,79.0,8.0,96.0,96.0,98.0,98.0,98.0,97.0,,,,,69.0,87.0
Sierra Leone,67.0,65.0,54.0,48.0,74.0,57.0,58.0,37.0,,,,7.4,72.3,102.0,3.6,490.0,9.8,1320.0,6.1,3.8,60.0,12.0,307.0,2.2,0.07,1.3,61.0,0.2,0.7,27.0,59.0,31.0,10.0,37.0,63.0,10.0,13.0,76.0,86.0,72.0,58.0,49.0,48.3,85.0,60.0
Singapore,,,,,100.0,100.0,99.0,95.0,2.0,0.0,0.0,5.6,0.7,7909.0,290.9,51880.0,476.9,85050.0,2.0,0.7,28.0,5.0,44.0,10.5,,,,,,,21.0,75.0,4.0,100.0,100.0,99.0,100.0,95.0,96.0,,,,,78.0,87.0
Sint Maarten (Dutch part),,,,,,,,,,,,0.0,0.0,1177.0,,,,,,,,,6.0,13.1,,,,,,,,,,,,,,,,,,,,100.0,87.0
Slovak Republic,98.0,97.0,89.0,88.0,,,,,12.0,4.0,2.0,5.4,49.0,113.0,91.2,16810.0,162.4,29910.0,3.3,3.2,40.0,18.0,7.0,7.8,,,,,,,5.0,89.0,6.0,100.0,100.0,99.0,99.0,95.0,96.0,,,,,88.0,87.0
Slovenia,99.0,99.0,93.0,95.0,100.0,100.0,100.0,100.0,4.0,1.0,0.0,2.1,20.3,103.0,44.7,21660.0,66.8,32360.0,2.5,2.4,22.0,18.0,7.0,7.8,,,,,,,5.0,88.0,7.0,100.0,100.0,99.0,99.0,94.0,95.0,,,,,77.0,87.0
Solomon Islands,89.0,89.0,70.0,71.0,,,,,,,,0.6,28.9,21.0,1.1,1880.0,1.3,2150.0,3.0,0.9,,,89.0,16.4,,,,,,,22.0,68.0,10.0,,81.0,,30.0,92.0,98.0,,,,,91.0,80.0
Somalia,,,,,,,,,,,,14.3,637.7,23.0,,,,,,,,,274.0,5.1,0.05,0.5,51.0,0.1,0.2,8.0,68.0,22.0,10.0,,,,,46.0,42.0,,,,,86.0,47.0
South Africa,,,,,99.0,99.0,95.0,93.0,,,,55.9,1219.1,46.0,306.6,5480.0,718.9,12860.0,0.3,-1.3,31.0,7.0,834.0,7.6,1.44,19.2,60.0,4.0,11.6,48.0,44.0,48.0,8.0,83.0,93.0,51.0,66.0,76.0,69.0,,,,,78.0,63.0
South Sudan,,,,,44.0,30.0,35.0,19.0,,,,12.2,644.3,,9.7,820.0,20.2,1700.0,-6.3,-9.1,,,146.0,8.1,0.22,2.5,59.0,0.6,1.1,11.0,61.0,28.0,11.0,,59.0,,7.0,20.0,31.0,48.0,23.0,45.8,31.9,71.0,54.0
Spain,99.0,100.0,91.0,97.0,100.0,100.0,99.0,97.0,7.0,1.0,0.0,46.4,505.9,93.0,1278.0,27520.0,1687.7,36340.0,3.2,3.2,31.0,27.0,12.0,7.7,0.01,0.4,23.0,0.1,0.1,74.0,5.0,92.0,4.0,100.0,100.0,100.0,100.0,96.0,97.0,,,,,58.0,73.0
Sri Lanka,100.0,98.0,97.0,96.0,98.0,99.0,93.0,90.0,,,,21.2,65.6,338.0,80.1,3780.0,253.8,11970.0,4.4,3.2,28.0,0.0,65.0,8.0,0.01,0.1,32.0,0.1,0.1,19.0,8.0,80.0,13.0,68.0,96.0,71.0,95.0,99.0,99.0,,,,,84.0,69.0
St. Kitts and Nevis,84.0,86.0,99.0,99.0,,,,,,,,0.1,0.3,211.0,0.9,15850.0,1.4,25940.0,3.6,2.6,,,5.0,13.0,,,,,,,,,,98.0,98.0,,,95.0,93.0,,,,,100.0,87.0
St. Lucia,,,86.0,87.0,,,,,,,,0.2,0.6,292.0,1.4,7670.0,2.0,11370.0,0.7,0.2,,,9.0,10.9,,,,,,,10.0,82.0,8.0,93.0,96.0,78.0,91.0,97.0,99.0,,,,,100.0,86.0
St. Martin (French part),,,,,,,,,,,,0.0,0.1,587.0,,,,,,,,,,,,,,,,,,,,,,,,,,,,,,,
St. Vincent and the Grenadines,98.0,99.0,97.0,100.0,,,,,,,,0.1,0.4,281.0,0.7,6790.0,1.3,11530.0,3.0,2.8,,,7.0,11.9,,,,,,,14.0,79.0,7.0,88.0,95.0,63.0,,99.0,98.0,,,,,,87.0
Sudan,59.0,54.0,53.0,48.0,69.0,63.0,60.0,47.0,,,,39.6,1879.4,23.0,84.9,2140.0,169.6,4290.0,4.7,2.2,,,88.0,8.9,0.02,0.3,47.0,0.1,0.2,8.0,36.0,50.0,13.0,67.0,56.0,27.0,24.0,87.0,93.0,48.0,59.0,25.3,65.0,82.0,53.0
Suriname,90.0,99.0,36.0,65.0,98.0,99.0,95.0,94.0,,,,0.6,163.8,4.0,3.9,7070.0,7.7,13720.0,-10.4,-11.2,,,33.0,12.5,0.06,1.1,47.0,0.4,0.5,55.0,14.0,75.0,11.0,,95.0,,79.0,94.0,89.0,76.0,61.0,43.4,0.0,77.0,80.0
Swaziland,78.0,80.0,43.0,40.0,92.0,95.0,84.0,82.0,,,,1.3,17.4,78.0,3.8,2830.0,10.7,7980.0,-2.2,-4.0,19.0,2.0,565.0,3.8,2.36,28.8,59.0,7.3,16.7,67.0,52.0,38.0,10.0,39.0,74.0,49.0,58.0,78.0,90.0,60.0,46.0,1.5,1.7,78.0,59.0
Sweden,104.0,104.0,106.0,106.0,,,,,7.0,2.0,1.0,9.9,447.4,24.0,541.0,54630.0,495.2,50000.0,3.2,2.1,20.0,21.0,9.0,4.7,,,,,,,6.0,89.0,5.0,100.0,100.0,99.0,99.0,98.0,98.0,,,,,88.0,87.0
Switzerland,94.0,97.0,95.0,99.0,,,,,5.0,1.0,1.0,8.4,41.3,212.0,680.1,81240.0,533.0,63660.0,1.3,0.2,27.0,20.0,7.0,6.1,,,,,,,4.0,90.0,6.0,100.0,100.0,100.0,100.0,94.0,97.0,,,,,,87.0
Syrian Arab Republic,69.0,69.0,51.0,52.0,97.0,95.0,91.0,80.0,,,,18.4,185.2,100.0,,,,,,,,,20.0,8.1,,,,,,,5.0,48.0,47.0,86.0,90.0,85.0,96.0,53.0,41.0,,,,,70.0,80.0
Tajikistan,100.0,99.0,99.0,94.0,100.0,100.0,100.0,100.0,,,,8.7,141.4,63.0,9.7,1110.0,30.6,3500.0,6.9,4.6,,,87.0,6.4,0.03,0.3,34.0,0.1,0.1,19.0,26.0,64.0,9.0,,74.0,,95.0,97.0,96.0,63.0,61.0,,2.1,89.0,80.0
Tanzania,70.0,77.0,38.0,32.0,87.0,85.0,83.0,73.0,,,,55.6,947.3,63.0,48.5,900.0,148.0,2740.0,7.0,3.7,28.0,4.0,306.0,4.1,0.21,4.7,60.0,1.0,1.6,53.0,55.0,34.0,11.0,54.0,56.0,7.0,16.0,99.0,98.0,55.0,46.0,54.4,51.1,90.0,37.0
Thailand,96.0,90.0,84.0,84.0,98.0,99.0,95.0,92.0,24.0,3.0,1.0,68.9,513.1,135.0,388.3,5640.0,1106.8,16070.0,3.2,2.9,41.0,2.0,172.0,7.1,0.02,1.1,41.0,0.4,0.3,65.0,18.0,71.0,10.0,87.0,98.0,87.0,93.0,99.0,99.0,83.0,53.0,,,80.0,53.0
Timor-Leste,103.0,110.0,74.0,81.0,80.0,79.0,64.0,53.0,,,,1.3,14.9,85.0,2.7,2180.0,5.4,4340.0,4.3,1.9,,,498.0,7.2,,,,,,,44.0,47.0,9.0,,72.0,,41.0,70.0,76.0,71.0,63.0,41.0,5.7,84.0,57.0
Togo,89.0,80.0,50.0,32.0,87.0,73.0,74.0,48.0,,,,7.6,56.8,140.0,4.1,540.0,10.4,1370.0,4.9,2.3,,,52.0,4.8,0.12,2.4,60.0,0.5,0.8,41.0,53.0,37.0,11.0,48.0,63.0,12.0,12.0,85.0,88.0,49.0,33.0,42.8,18.3,88.0,69.0
Tonga,115.0,106.0,,,99.0,100.0,99.0,99.0,,,,0.1,0.8,149.0,0.4,4020.0,0.6,5760.0,3.5,2.8,47.0,13.0,15.0,13.7,,,,,,,13.0,80.0,7.0,99.0,100.0,94.0,91.0,67.0,82.0,,,,,100.0,87.0
Trinidad and Tobago,,,,,100.0,100.0,99.0,99.0,28.0,6.0,3.0,1.4,5.1,266.0,21.4,15680.0,42.1,30810.0,-5.1,-5.4,,,17.0,13.6,0.05,1.2,49.0,0.3,0.6,62.0,9.0,83.0,9.0,92.0,95.0,90.0,92.0,89.0,96.0,,,,,64.0,87.0
Tunisia,99.0,100.0,62.0,78.0,98.0,96.0,88.0,72.0,47.0,11.0,2.0,11.4,163.6,73.0,42.1,3690.0,127.2,11150.0,1.2,0.0,,,37.0,9.6,0.01,0.1,30.0,0.1,0.1,28.0,8.0,85.0,7.0,83.0,98.0,73.0,92.0,98.0,98.0,60.0,48.0,,,91.0,80.0
Turkey,92.0,91.0,98.0,93.0,100.0,99.0,98.0,92.0,23.0,2.0,1.0,79.5,785.4,103.0,888.8,11180.0,1907.5,23990.0,2.9,1.3,40.0,12.0,18.0,12.8,,,,,,,6.0,88.0,7.0,86.0,100.0,83.0,95.0,94.0,96.0,,,,,87.0,87.0
Turkmenistan,,,,,100.0,100.0,100.0,100.0,,,,5.7,488.1,12.0,37.8,6670.0,91.0,16060.0,6.2,4.4,,,70.0,6.4,,,,,,,14.0,79.0,8.0,,,,,99.0,99.0,,,,,72.0,76.0
Turks and Caicos Islands,,,,,,,,,,,,0.0,1.0,37.0,,,,,,,,,7.0,,,,,,,,,,,,,,,,,,,,,0.0,87.0
Tuvalu,88.0,109.0,93.0,108.0,,,,,,,,0.0,0.0,370.0,0.1,5090.0,0.1,5920.0,2.7,1.9,,,232.0,17.3,,,,,,,,,,90.0,98.0,73.0,83.0,94.0,96.0,,,,,47.0,87.0
Uganda,53.0,53.0,27.0,25.0,86.0,82.0,79.0,62.0,,,,41.5,241.6,207.0,27.3,660.0,75.4,1820.0,4.6,1.3,16.0,3.0,202.0,3.1,0.51,7.1,58.0,1.9,3.2,57.0,53.0,35.0,12.0,40.0,79.0,13.0,19.0,82.0,78.0,79.0,36.0,74.3,76.9,75.0,53.0
Ukraine,109.0,112.0,96.0,95.0,100.0,100.0,100.0,100.0,,,,45.0,603.6,78.0,98.6,2310.0,349.4,8190.0,2.3,2.7,49.0,14.0,91.0,6.5,0.07,0.9,45.0,0.1,0.4,28.0,4.0,90.0,6.0,,96.0,,96.0,56.0,23.0,92.0,69.0,,,72.0,74.0
United Arab Emirates,110.0,108.0,64.0,82.0,94.0,97.0,89.0,91.0,24.0,5.0,3.0,9.3,83.6,111.0,375.2,40480.0,675.3,72850.0,3.0,1.8,,,2.0,19.3,,,,,,,7.0,76.0,17.0,100.0,100.0,97.0,98.0,94.0,94.0,,,,,80.0,44.0
United Kingdom,,,,,,,,,8.0,1.0,0.0,65.6,243.6,271.0,2782.3,42390.0,2763.4,42100.0,1.8,1.0,20.0,18.0,10.0,4.7,,,,,,,7.0,90.0,3.0,100.0,100.0,99.0,99.0,95.0,96.0,,,,,81.0,89.0
United States,,,,,,,,,11.0,1.0,0.0,323.1,9831.5,35.0,18153.5,56180.0,18749.7,58030.0,1.6,0.9,20.0,15.0,3.0,10.8,,,,,,,5.0,88.0,6.0,98.0,99.0,100.0,100.0,92.0,95.0,,,,,85.0,87.0
Uruguay,103.0,104.0,54.0,68.0,98.0,99.0,98.0,99.0,25.0,3.0,1.0,3.4,176.2,20.0,52.4,15230.0,72.6,21090.0,1.5,1.1,27.0,19.0,30.0,6.1,0.03,0.5,25.0,0.3,0.1,60.0,8.0,84.0,8.0,95.0,100.0,92.0,96.0,96.0,95.0,,,,,75.0,87.0
Uzbekistan,101.0,99.0,94.0,93.0,100.0,100.0,100.0,100.0,,,,31.8,447.4,75.0,70.8,2220.0,211.6,6640.0,7.8,5.9,25.0,1.0,79.0,6.6,0.01,0.2,30.0,0.1,0.1,40.0,15.0,78.0,7.0,90.0,,84.0,100.0,99.0,99.0,,,,,87.0,69.0
Vanuatu,90.0,98.0,51.0,55.0,95.0,96.0,86.0,83.0,,,,0.3,12.2,22.0,0.8,3170.0,0.8,3050.0,4.0,1.8,,,63.0,16.6,,,,,,,19.0,73.0,8.0,62.0,95.0,35.0,58.0,53.0,64.0,72.0,41.0,51.0,5.1,87.0,82.0
"Venezuela, RB",95.0,96.0,71.0,80.0,97.0,98.0,95.0,95.0,,,,31.6,912.1,36.0,,,,,,,,,29.0,12.0,0.03,0.5,35.0,0.2,0.2,59.0,11.0,69.0,20.0,89.0,93.0,82.0,94.0,92.0,87.0,,,,,80.0,80.0
Vietnam,104.0,104.0,100.0,99.0,97.0,97.0,96.0,91.0,5.0,0.0,0.0,92.7,331.0,299.0,190.5,2050.0,561.0,6050.0,6.2,5.1,47.0,1.0,137.0,6.0,0.03,0.5,31.0,0.3,0.2,42.0,13.0,76.0,11.0,63.0,98.0,36.0,78.0,97.0,97.0,81.0,58.0,9.4,1.2,91.0,79.0
Virgin Islands (U.S.),,,,,,,,,,,,0.1,0.4,294.0,,,,,0.2,0.8,,,8.0,12.3,,,,,,,,,,100.0,100.0,96.0,96.0,,,,,,,,
West Bank and Gaza,96.0,95.0,67.0,82.0,99.0,99.0,98.0,94.0,,,,4.6,6.0,756.0,14.7,3230.0,15.0,3290.0,4.1,1.2,,,1.0,9.4,,,,,,,,,,96.0,58.0,87.0,92.0,,,77.0,38.0,,,91.0,80.0
"Yemen, Rep.",77.0,61.0,57.0,40.0,97.0,81.0,84.0,53.0,,,,27.6,528.0,52.0,28.8,1040.0,68.8,2490.0,-9.8,-12.0,,,48.0,5.1,0.01,0.1,41.0,0.1,0.1,15.0,25.0,61.0,14.0,66.0,,24.0,,67.0,69.0,34.0,40.0,,1.2,86.0,60.0
Zambia,82.0,80.0,59.0,51.0,91.0,87.0,89.0,78.0,,,,16.6,752.6,22.0,21.6,1300.0,62.8,3790.0,3.3,0.2,27.0,5.0,391.0,4.1,0.85,12.9,57.0,3.1,5.0,63.0,61.0,29.0,10.0,49.0,65.0,41.0,44.0,90.0,90.0,70.0,56.0,40.6,39.9,85.0,58.0
Zimbabwe,90.0,91.0,64.0,67.0,90.0,92.0,88.0,80.0,,,,16.2,390.8,42.0,15.2,940.0,31.0,1920.0,0.7,-1.6,31.0,2.0,242.0,3.9,0.88,14.7,59.0,3.8,5.9,62.0,57.0,30.0,13.0,79.0,77.0,40.0,37.0,86.0,87.0,51.0,51.0,9.0,1.0,81.0,72.0
